id,artist_name,event_type,event_name,date,venue,city,country,img_1,img_2,img_3,link,description
1001,Gloria Gaynor,concert,Locos por los 80,2008,,Torrejón de Ardoz,Spain,,,,https://www.europapress.es/nacional/noticia-boney-gloria-gaynor-grandes-estrellas-festival-locos-80-empieza-manana-torrejon-madrid-20080918130922.html,
1002,Boney-M,concert,Locos por los 80,2008,,Torrejón de Ardoz,Spain,,,,https://www.europapress.es/nacional/noticia-boney-gloria-gaynor-grandes-estrellas-festival-locos-80-empieza-manana-torrejon-madrid-20080918130922.html,
1003,Village People,concert,Locos por los 80,2010,,Torrejón de Ardoz,Spain,,,,https://www.europapress.es/videos/video-torrejon-ardoz-vibra-village-people-20100619183958.html,
1004,Los Chichos,concert,Fiestas Torrejón,2017,,Torrejón de Ardoz,Spain,,,,https://www.miracorredor.tv/los-chunguitos-los-chichos-juntos-las-fiestas-torrejon2/,
1005,Los Chunguitos,concert,Fiestas Torrejón,2017,,Torrejón de Ardoz,Spain,,,,https://www.miracorredor.tv/los-chunguitos-los-chichos-juntos-las-fiestas-torrejon2/,
1006,Deep Purple,concert,,25/10/2003,La Cubierta,Leganés,Spain,deeppurple_2003.jpg,,,,
1007,Obus,concert,,25/10/2003,La Cubierta,Leganés,Spain,deeppurple_2003.jpg,,,,
1008,Amset,concert,,25/10/2003,La Cubierta,Leganés,Spain,deeppurple_2003.jpg,,,,
1009,Metallica,concert,,22/06/2003,Estadio de La Peineta,Madrid,Spain,metallica_2023.jpg,,,https://los40.com/los40/2003/06/23/actualidad/1056319200_272020.html,Linkin Park canceló
1010,Stone Sour,concert,,22/06/2003,Estadio de La Peineta,Madrid,Spain,metallica_2023.jpg,,,https://los40.com/los40/2003/06/23/actualidad/1056319200_272020.html,Linkin Park canceló
1011,In Flames,concert,,22/06/2003,Estadio de La Peineta,Madrid,Spain,metallica_2023.jpg,,,https://los40.com/los40/2003/06/23/actualidad/1056319200_272020.html,Linkin Park canceló
1012,Los Petersellers,concert,,06/02/2016,Gruta 77,Madrid,Spain,mamaladilla_petersellers_2016.png,,,,
1013,Mamá Ladilla,concert,,06/02/2016,Gruta 77,Madrid,Spain,mamaladilla_petersellers_2016.png,,,,
1014,Héroes del Silencio,concert,Tour 2007,10/10/2007,Estadio de la Romareda,Zaragoza,Spain,hds_zaragoza_2007.jpg,hds_zaragoza_pulsera_2007.jpg,,,
1015,Héroes del Silencio,concert,Tour 2007,27/10/2007,Circuit Ricardo Tormo,Valencia,Spain,hds_valencia_2007.jpg,,,,
1016,Chimo Bayo,concert,La Fiestaca Chanante,05/10/2006,Florida Park,Madrid,Spain,lafiestacachanante_2006.jpg,,,https://arandanos.wordpress.com/2006/10/06/la-fiestaca-chanante/,
1017,Ojete Calor,concert,La Fiestaca Chanante,05/10/2006,Florida Park,Madrid,Spain,lafiestacachanante_2006.jpg,,,https://arandanos.wordpress.com/2006/10/06/la-fiestaca-chanante/,
1018,Berri Txarrak,concert,Last Tour,09/11/2019,Wizink Center (Palacio de los Deportes),Madrid,Spain,berritxarrak_2019.jpg,,,,
1019,Blink 182,concert,European Tour 2023,03/10/2023,Wizink Center (Palacio de los Deportes),Madrid,Spain,blink182_2023.jpg,,,,
1020,Crowded House,concert,Noches del Botánico,09/07/2022,Real Jardín Botánico Alfonso XIII,Madrid,Spain,nochesbotanico_2022.jpg,,,,
1021,Linkin Park,festival,Download 2017,22/06/2017,La Caja Mágica,Madrid,Spain,download_cartel_2017.jpg,download_2017.png,,,
1022,System of a Down,festival,Download 2017,23/06/2017,La Caja Mágica,Madrid,Spain,download_cartel_2017.jpg,download_2017.png,,,
1023,Marilyn Manson,festival,Download 2018,28/06/2018,La Caja Mágica,Madrid,Spain,download_cartel_2018.jpg,download_2018.png,,,
1024,Rise Against,festival,Download 2018,28/06/2018,La Caja Mágica,Madrid,Spain,download_cartel_2018.jpg,download_2018.png,,,
1025,Pennywise,festival,Download 2018,28/06/2018,La Caja Mágica,Madrid,Spain,download_cartel_2018.jpg,download_2018.png,,,
1026,Guns N' Roses,festival,Download 2018,29/06/2018,La Caja Mágica,Madrid,Spain,download_cartel_2018.jpg,download_2018.png,,,
1027,Judas Priest,festival,Download 2018,30/06/2018,La Caja Mágica,Madrid,Spain,download_cartel_2018.jpg,download_2018.png,,,
1028,Ozzy Osbourne,festival,Download 2018,30/06/2018,La Caja Mágica,Madrid,Spain,download_cartel_2018.jpg,download_2018.png,,,
1029,Volbeat,festival,Download 2018,30/06/2018,La Caja Mágica,Madrid,Spain,download_cartel_2018.jpg,download_2018.png,,,
1030,Scorpions,festival,Download 2019,28/06/2019,La Caja Mágica,Madrid,Spain,download_cartel_2019.jpg,,,,
1031,Papa Roach,festival,Download 2019,28/06/2019,La Caja Mágica,Madrid,Spain,download_cartel_2019.jpg,,,,
1032,Me First and the Gimme Gimmes,festival,Download 2019,28/06/2019,La Caja Mágica,Madrid,Spain,download_cartel_2019.jpg,,,,
1033,Slipknot,festival,Download 2019,29/06/2019,La Caja Mágica,Madrid,Spain,download_cartel_2019.jpg,,,,
1034,Stone Temple Pilots,festival,Download 2019,29/06/2019,La Caja Mágica,Madrid,Spain,download_cartel_2019.jpg,,,,
1035,Berri Txarrak,festival,Download 2019,29/06/2019,La Caja Mágica,Madrid,Spain,download_cartel_2019.jpg,,,,
1036,Sum 41,festival,Download 2019,30/06/2019,La Caja Mágica,Madrid,Spain,download_cartel_2019.jpg,,,,
1037,Non Servium,concert,,,,Getafe,Spain,,,,,
1038,Non Servium,concert,,2012,CSO La Traba,Madrid,Spain,nonservium_2012.jpg,,,,
1039,Non Servium,concert,,13/10/2023,Wizink Center (Palacio de los Deportes),Madrid,Spain,nonservium_2023.png,,,,
1040,Joxe Ripiau,concert,,22/10/2000,CSO La Nevera,Madrid,Spain,,,,https://elpais.com/diario/2000/10/23/madrid/972300267_850215.html#,
1041,Mojinos Escozíos,concert,Fiestas Getafe,,,Getafe,Spain,,,,,
1042,Reincidentes,concert,Fiestas Hortaleza 2010,29/05/2010,Auditorio parque Pinar del Rey,Madrid,Spain,,,,,
1043,Porretas,concert,Fiestas Hortaleza 2011,2011,Auditorio parque Pinar del Rey,Madrid,Spain,,,,,
1044,Simple Plan,concert,,07/07/2003,Sala Caracol,Madrid,Spain,,,,https://los40.com/los40/2003/05/21/actualidad/1053468000_271683.html,
1045,Extremoduro,concert,Grandes éxitos y fracasos,06/11/2004,Palacio de Vistalegre,Madrid,Spain,extremoduro_2004.jpg,,,,
1046,Estopa,concert,,02/12/2000,Palacio de los Deportes,Madrid,Spain,,,,,
1047,Reincidentes,concert,Apoyo al Molotov,24/10/2003,Los Almendros,Rivas Vaciamadrid,Spain,apoyomolotov_2003.jpg,,,,
1048,Boikot,concert,Apoyo al Molotov,24/10/2003,Los Almendros,Rivas Vaciamadrid,Spain,apoyomolotov_2003.jpg,,,,
1049,El Último ke Zierre,festival,Derrame Rock,02/07/2005,Recinto deportivo de Agones,Pravia,Spain,derrame_cartel_2005.jpg,derrame_pulsera_2005.jpg,,,
1050,O'Funk'Illo,festival,Derrame Rock,02/07/2005,Recinto deportivo de Agones,Pravia,Spain,derrame_cartel_2005.jpg,derrame_pulsera_2005.jpg,,,
1051,Boikot,festival,Derrame Rock,01/07/2005,Recinto deportivo de Agones,Pravia,Spain,derrame_cartel_2005.jpg,derrame_pulsera_2005.jpg,,,
1052,Orishas,festival,Derrame Rock,01/07/2005,Recinto deportivo de Agones,Pravia,Spain,derrame_cartel_2005.jpg,derrame_pulsera_2005.jpg,,,
1053,Siniestro Total,concert,Fiesta Europa por la Tolerancia,23/11/1995,Palacio de los Deportes,Madrid,Spain,fiestatolerancia_1995.jpg,,,https://elpais.com/diario/1995/11/22/madrid/817043074_850215.html,
1054,Celtas Cortos,concert,Fiesta Europa por la Tolerancia,23/11/1995,Palacio de los Deportes,Madrid,Spain,fiestatolerancia_1995.jpg,,,https://elpais.com/diario/1995/11/22/madrid/817043074_850215.html,
1055,Ignite,concert,,25/03/2024,Sala Nazca,Madrid,Spain,ignite_2024.jpg,,,,
1056,Paco Ibáñez,concert,,29/06/1994,Teatro Marquina,Madrid,Spain,ibanez_goytisolo.jpg,,,https://elpais.com/diario/1994/05/31/cultura/770335210_850215.html,
1057,José Agustín Goytisolo,concert,,29/06/1994,Teatro Marquina,Madrid,Spain,ibanez_goytisolo.jpg,,,https://elpais.com/diario/1994/05/31/cultura/770335210_850215.html,
1058,Marea,concert,Gira 28.000 Puñaladas,17/04/2004,Palacio de Vistalegre,Madrid,Spain,marea_2004.jpg,,,https://www.insonoro.com/noticia/1214/cambio-de-recinto-para-marea-en-madrid,Cambio de recinto
1059,Rise Against,concert,,06/10/2015,Barclaycard (Palacio de los Deportes),Madrid,Spain,rise_berri_2015.jpg,,,https://mariskalrock.com/secciones/volumen_brutal/cronica-de-rise-against-refused-berri-txarrak-ese-rollito-antisistema/,
1060,Berri Txarrak,concert,,06/10/2015,Barclaycard (Palacio de los Deportes),Madrid,Spain,rise_berri_2015.jpg,,,https://mariskalrock.com/secciones/volumen_brutal/cronica-de-rise-against-refused-berri-txarrak-ese-rollito-antisistema/,
1061,Refused,concert,,06/10/2015,Barclaycard (Palacio de los Deportes),Madrid,Spain,rise_berri_2015.jpg,,,https://mariskalrock.com/secciones/volumen_brutal/cronica-de-rise-against-refused-berri-txarrak-ese-rollito-antisistema/,
1062,La Fuga,concert,,17/10/2003,Aqualung,Madrid,Spain,lafuga_2003.jpg,,,,
1063,Bad Manners,festival,En Vivo,08/09/2011,Getafe Open Air,Getafe,Spain,envivo_cartel_2011.jpg,envivo_2011.jpg,envivo_pulsera_2011.jpg,https://es.wikipedia.org/wiki/Festival_En_Vivo,
1064,Mägo de Oz,festival,En Vivo,08/09/2011,Getafe Open Air,Getafe,Spain,envivo_cartel_2011.jpg,envivo_2011.jpg,envivo_pulsera_2011.jpg,https://es.wikipedia.org/wiki/Festival_En_Vivo,
1065,The Specials,festival,En Vivo,09/09/2011,Getafe Open Air,Getafe,Spain,envivo_cartel_2011.jpg,envivo_2011.jpg,envivo_pulsera_2011.jpg,https://es.wikipedia.org/wiki/Festival_En_Vivo,
1066,Los Delinqüentes,festival,En Vivo,09/09/2011,Getafe Open Air,Getafe,Spain,envivo_cartel_2011.jpg,envivo_2011.jpg,envivo_pulsera_2011.jpg,https://es.wikipedia.org/wiki/Festival_En_Vivo,
1067,Tonino Carotone,festival,En Vivo,09/09/2011,Getafe Open Air,Getafe,Spain,envivo_cartel_2011.jpg,envivo_2011.jpg,envivo_pulsera_2011.jpg,https://es.wikipedia.org/wiki/Festival_En_Vivo,
1068,Boikot,festival,En Vivo,09/09/2011,Getafe Open Air,Getafe,Spain,envivo_cartel_2011.jpg,envivo_2011.jpg,envivo_pulsera_2011.jpg,https://es.wikipedia.org/wiki/Festival_En_Vivo,
1069,The Offspring,festival,En Vivo,10/09/2011,Getafe Open Air,Getafe,Spain,envivo_cartel_2011.jpg,envivo_2011.jpg,envivo_pulsera_2011.jpg,https://es.wikipedia.org/wiki/Festival_En_Vivo,
1070,La Pegatina,festival,En Vivo,10/09/2011,Getafe Open Air,Getafe,Spain,envivo_cartel_2011.jpg,envivo_2011.jpg,envivo_pulsera_2011.jpg,https://es.wikipedia.org/wiki/Festival_En_Vivo,
1071,Bunbury,festival,Gigante 2018,01/09/2018,Estadio Fuente de la Niña,Guadalajara,Spain,gigante_cartel_2018.jpg,,,,
1072,El Kanka,festival,Gigante 2018,30/08/2018,Estadio Fuente de la Niña,Guadalajara,Spain,gigante_cartel_2018.jpg,,,,
1073,Despistaos,festival,Gigante 2018,30/08/2018,Estadio Fuente de la Niña,Guadalajara,Spain,gigante_cartel_2018.jpg,,,,
1074,Rigoberta Bandini,festival,Gigante 2022,27/08/2022,Huerta del Obispo,Alcalá de Henares,Spain,gigante_cartel_2022.jpg,,,,
1075,La Cabra Mecánica,festival,Gigante 2022,27/08/2022,Huerta del Obispo,Alcalá de Henares,Spain,gigante_cartel_2022.jpg,,,,
1076,Cariño,festival,Gigante 2022,27/08/2022,Huerta del Obispo,Alcalá de Henares,Spain,gigante_cartel_2022.jpg,,,,
1077,Ladilla Rusa,festival,Gigante 2022,26/08/2022,Huerta del Obispo,Alcalá de Henares,Spain,gigante_cartel_2022.jpg,,,,
1078,Los Chikos del Maíz,concert,La Karmela,14/07/2023,Parque Javier de Miguel,Madrid,Spain,karmela_cartel_2023.jpg,,,,
1079,Los Chikos del Maíz,concert,,28/08/2021,Teatro Egaleo,Leganés,Spain,lcdm_2021.jpg,,,,
1080,Los Chikos del Maíz,concert,25 años,29/01/2022,Wizink Center (Palacio de los Deportes),Madrid,Spain,lcdm_2022.jpg,,,,
1081,Los Chikos del Maíz,concert,Yes Future Tour,15/04/2023,La Riviera,Madrid,Spain,lcdm_2023.jpg,,,,
1082,Lendakaris Muertos,concert,,21/05/2021,Auditorio Pilar Bardem,Rivas Vaciamadrid,Spain,lendakarismuertos_2021.jpg,,,,
1083,Foo Fighters,festival,Mad Cool 2017,06/07/2017,La Caja Mágica,Madrid,Spain,madcool_cartel_2017.jpg,,,,
1084,Green Day,festival,Mad Cool 2017,07/07/2017,La Caja Mágica,Madrid,Spain,madcool_cartel_2017.jpg,,,,
1085,Rancid,festival,Mad Cool 2017,07/07/2017,La Caja Mágica,Madrid,Spain,madcool_cartel_2017.jpg,,,,
1086,Pearl Jam,festival,Mad Cool 2018,12/07/2018,Valdebebas IFEMA,Madrid,Spain,madcool_cartel_2018.jpg,,,,
1087,Tame Impala,festival,Mad Cool 2018,12/07/2018,Valdebebas IFEMA,Madrid,Spain,madcool_cartel_2018.jpg,,,,
1088,Kasabian,festival,Mad Cool 2018,12/07/2018,Valdebebas IFEMA,Madrid,Spain,madcool_cartel_2018.jpg,,,,
1089,MGMT,festival,Mad Cool 2018,12/07/2018,Valdebebas IFEMA,Madrid,Spain,madcool_cartel_2018.jpg,,,,
1090,Arctic Monkeys,festival,Mad Cool 2018,13/07/2018,Valdebebas IFEMA,Madrid,Spain,madcool_cartel_2018.jpg,,,,
1091,Franz Ferdinand,festival,Mad Cool 2018,13/07/2018,Valdebebas IFEMA,Madrid,Spain,madcool_cartel_2018.jpg,,,,
1092,Snow Patrol,festival,Mad Cool 2018,13/07/2018,Valdebebas IFEMA,Madrid,Spain,madcool_cartel_2018.jpg,,,,
1093,Alice in Chains,festival,Mad Cool 2018,13/07/2018,Valdebebas IFEMA,Madrid,Spain,madcool_cartel_2018.jpg,,,,
1094,Ofenbach,festival,Mad Cool 2018,13/07/2018,Valdebebas IFEMA,Madrid,Spain,madcool_cartel_2018.jpg,,,,
1095,Depeche Mode,festival,Mad Cool 2018,14/07/2018,Valdebebas IFEMA,Madrid,Spain,madcool_cartel_2018.jpg,,,,
1096,Queens of the Stone Age,festival,Mad Cool 2018,14/07/2018,Valdebebas IFEMA,Madrid,Spain,madcool_cartel_2018.jpg,,,,
1097,Nine Inch Nails,festival,Mad Cool 2018,14/07/2018,Valdebebas IFEMA,Madrid,Spain,madcool_cartel_2018.jpg,,,,
1098,Dua Lipa,festival,Mad Cool 2018,14/07/2018,Valdebebas IFEMA,Madrid,Spain,madcool_cartel_2018.jpg,,,,
1099,Huecco,concert,Fiestas de La Elipa 2009,19/09/2009,,Madrid,Spain,,,,https://www.elmundo.es/metropoli/2009/09/11/musica/1252665963.html,
1100,Skunk DF,concert,,08/05/2011,Ritmo y Compás,Madrid,Spain,,,,https://www.themetalcircus.com/noticias/skunk-df-presentacion-y-forma-de-su-proximo-dvd/,
1101,Rafa Pons,concert,,17/10/2009,Galileo Galilei,Madrid,Spain,,,,,
1102,Huecco,concert,Fiestas de Canillejas,-,,Madrid,Spain,,,,,
1103,Banda Bassotti,concert,Fiestas de Moratalaz,15/06/2019,,Madrid,Spain,,,,https://diario.madrid.es/moratalaz/2019/06/07/las-fiestas-de-moratalaz-2019-abiertas-para-todos-los-publicos/,
1104,Siniestro Total,concert,,04/10/2013,Sala Penélope,Madrid,Spain,,,,,
1105,Ezetaerre,concert,,15/11/2019,Sala Caracol,Madrid,Spain,,,,https://www.insonoro.com/cronica/4373/auxili---ezetaerre,
1106,Talco,concert,,10/03/2023,Sala But Barceló,Madrid,Spain,,,,,
1107,La Pegatina,concert,,22/12/2018,Wizink Center (Palacio de los Deportes),Madrid,Spain,,,,https://www.mondosonoro.com/criticas/conciertos-musica/la-pegatina-wizink/,
1108,Goran Bregovic and Wedding & Funeral Orchestra,festival,Cultura Inquieta 2014,10/07/2014,,Getafe,Spain,culturainquieta_2014.jpg,,,https://getafe.es/goran-bregovic-and-wedding-funeral-orchestra-cultura-inquieta-2014/,
1109,La Pegatina,concert,Fiestas Fuenlabrada 2016,17/09/2016,Campo de fútbol Aldehuela,Fuenlabrada,Spain,,,,https://www.actualidad21.net/programacion-completa-de-las-fiestas-de-fuenlabrada-2016/,
1110,Rozalén,concert,Fiestas Fuenlabrada 2016,17/09/2016,Campo de fútbol Aldehuela,Fuenlabrada,Spain,,,,https://www.actualidad21.net/programacion-completa-de-las-fiestas-de-fuenlabrada-2016/,
1111,Metallica,festival,Mad Cool 2022,06/07/2022,Valdebebas IFEMA,Madrid,Spain,madcool_cartel_2022.jpg,,,,
1112,Twenty One Pilots,festival,Mad Cool 2022,06/07/2022,Valdebebas IFEMA,Madrid,Spain,madcool_cartel_2022.jpg,,,,
1113,Placebo,festival,Mad Cool 2022,06/07/2022,Valdebebas IFEMA,Madrid,Spain,madcool_cartel_2022.jpg,,,,
1114,Imagine Dragons,festival,Mad Cool 2022,07/07/2022,Valdebebas IFEMA,Madrid,Spain,madcool_cartel_2022.jpg,,,,
1115,The Killers,festival,Mad Cool 2022,07/07/2022,Valdebebas IFEMA,Madrid,Spain,madcool_cartel_2022.jpg,,,,
1116,Deftones,festival,Mad Cool 2022,07/07/2022,Valdebebas IFEMA,Madrid,Spain,madcool_cartel_2022.jpg,,,,
1117,Muse,festival,Mad Cool 2022,08/07/2022,Valdebebas IFEMA,Madrid,Spain,madcool_cartel_2022.jpg,,,,
1118,Incubus,festival,Mad Cool 2022,08/07/2022,Valdebebas IFEMA,Madrid,Spain,madcool_cartel_2022.jpg,,,,
1119,Marea,concert,Fiestas Getafe 2004,29/05/2004,Campo de fútbol Magallanes,Getafe,Spain,marea_getafe_2004.jpg,,,,
1120,Zoo,concert,Fiestas PCE,24/09/2021,Auditorio Miguel Ríos,Rivas Vaciamadrid,Spain,pce_cartel_2021.png,,,,
1121,Los Chikos del Maíz,concert,Fiestas PCE,25/09/2021,Auditorio Miguel Ríos,Rivas Vaciamadrid,Spain,pce_cartel_2021.png,,,,
1122,King África,festival,Pirata Beach Festival 2024,11/07/2024,,Gandía,Spain,piratabeach_cartel_2024.jpg,,,,
1123,Zoo,festival,Pirata Beach Festival 2024,13/07/2024,,Gandía,Spain,piratabeach_cartel_2024.jpg,,,,
1124,El Drogas,festival,Pirata Beach Festival 2024,13/07/2024,,Gandía,Spain,piratabeach_cartel_2024.jpg,,,,
1125,Los Chikos del Maíz,festival,Pirata Madrid 2023,06/10/2023,Auditorio Miguel Ríos,Rivas Vaciamadrid,Spain,piratamadrid_cartel_2023.jpeg,,,,
1126,Zoo,festival,Pirata Madrid 2023,06/10/2023,Auditorio Miguel Ríos,Rivas Vaciamadrid,Spain,piratamadrid_cartel_2023.jpeg,,,,
1127,El Último ke Zierre,festival,Pirata Madrid 2023,07/10/2023,Auditorio Miguel Ríos,Rivas Vaciamadrid,Spain,piratamadrid_cartel_2023.jpeg,,,,
1128,Ska-P,festival,Pirata Madrid 2023,07/10/2023,Auditorio Miguel Ríos,Rivas Vaciamadrid,Spain,piratamadrid_cartel_2023.jpeg,,,,
1129,Porretas,concert,,01/03/2003,Aqualung,Madrid,Spain,porretas_2003.jpg,,,,
1130,Porretas,concert,,23/03/2002,Aqualung,Madrid,Spain,porretas_boikot_2002.jpg,,,,
1131,Boikot,concert,,23/03/2002,Aqualung,Madrid,Spain,porretas_boikot_2002.jpg,,,,
1132,Boikot,festival,Rabolagartija 2022,11/08/2022,Polideportivo Municipal Villena,Villena,Spain,rabolagartija_cartel_2022.jpg,rabolagartija_entrada_2022.jpg,,,
1133,Los Chikos del Maíz,festival,Rabolagartija 2022,11/08/2022,Polideportivo Municipal Villena,Villena,Spain,rabolagartija_cartel_2022.jpg,rabolagartija_entrada_2022.jpg,,,
1134,Ska-P,festival,Rabolagartija 2022,11/08/2022,Polideportivo Municipal Villena,Villena,Spain,rabolagartija_cartel_2022.jpg,rabolagartija_entrada_2022.jpg,,,
1135,Dubioza Kolektiv,festival,Rabolagartija 2022,13/08/2022,Polideportivo Municipal Villena,Villena,Spain,rabolagartija_cartel_2022.jpg,rabolagartija_entrada_2022.jpg,,,
1136,Zoo,festival,Rabolagartija 2022,13/08/2022,Polideportivo Municipal Villena,Villena,Spain,rabolagartija_cartel_2022.jpg,rabolagartija_entrada_2022.jpg,,,
1137,Califato 3/4,festival,Rabolagartija 2022,13/08/2022,Polideportivo Municipal Villena,Villena,Spain,rabolagartija_cartel_2022.jpg,rabolagartija_entrada_2022.jpg,,,
1138,Rammstein,concert,Tour 2009,10/11/2009,Palacio de los Deportes,Madrid,Spain,rammstein_2009.jpg,,,https://www.rammstein.de/es/history/europatour2009-teil1/,
1139,Rammstein,concert,Europa Tour 2013,21/04/2013,Palacio de los Deportes,Madrid,Spain,rammstein_2013.jpg,,,https://www.rammstein.de/es/history/europatour2013/,
1140,Rammstein,concert,Europa Stadion Tour 2019,22/06/2019,Olympiastadion,Berlin,Germany,rammstein_2019.jpeg,,,https://www.rammstein.de/es/history/europastadiontour2019/,
1141,Rammstein,concert,Europa Stadion Tour 2022,30/05/2022,Stadion Letzigrund,Zürich,Switzerland,rammstein_2022.jpg,,,https://www.rammstein.de/es/history/europa-stadion-tour-2022/,
1142,Rammstein,concert,Europa Stadion Tour 2023,23/06/2023,Estadio Metropolitano,Madrid,Spain,rammstein_2023.jpg,,,https://www.rammstein.de/es/news/gira-europea-de-estadios-2023/,
1143,Rammstein,concert,Europa Stadion Tour 2024,05/06/2024,Estadio Anoeta,San Sebastián,Spain,rammstein_2024.jpg,,,https://www.rammstein.de/es/news/europe-stadium-tour-2024/,
1144,Zoo,festival,Revenidas 2023,09/09/2023,,Vilaxoán,Spain,revenidas_cartel_2023.jpg,,,,
1145,Los Chikos del Maíz,festival,Revenidas 2023,08/09/2023,,Vilaxoán,Spain,revenidas_cartel_2023.jpg,,,,
1146,Heredeiros da crús,festival,Revenidas 2023,09/09/2023,,Vilaxoán,Spain,revenidas_cartel_2023.jpg,,,,
1147,Ska-P,festival,Revenidas 2023,09/09/2023,,Vilaxoán,Spain,revenidas_cartel_2023.jpg,,,,
1148,Rise Against,concert,,29/06/2022,Razzmatazz,Barcelona,Spain,riseagainst_2022.jpg,,,,
1149,Desakato,festival,Rivasrock,15/05/2022,Auditorio Miguel Ríos,Rivas Vaciamadrid,Spain,rivasrock_cartel_2022.jpg,,,,
1150,Soziedad Alkohólika,festival,Rivasrock,15/05/2022,Auditorio Miguel Ríos,Rivas Vaciamadrid,Spain,rivasrock_cartel_2022.jpg,,,,
1151,Lendakaris Muertos,festival,Rivasrock,15/05/2022,Auditorio Miguel Ríos,Rivas Vaciamadrid,Spain,rivasrock_cartel_2022.jpg,,,,
1152,Rockin' 1000,concert,,03/06/2023,Estadio Metropolitano,Madrid,Spain,rockin1000_2023.jpg,,,,
1153,The Rolling Stones,concert,Licks World Tour 2003,29/06/2003,Estadio Olímpico Montjuic,Barcelona,Spain,rollingstone_2003.jpg,,,https://www.elmundo.es/elmundo/2003/06/30/cultura/1056953904.html,
1154,Siniestro Total,concert,40 Años sin pisar la audiencia nacional,07/05/2022,Wizink Center (Palacio de los Deportes),Madrid,Spain,siniestrototal_2022.png,,,,
1155,Ska-P,concert,Hasta otra amigos,24/09/2005,La Cubierta,Leganés,Spain,skap_2005.jpg,,,,
1156,Ska-P,concert,,10/06/2023,Stadtpark,Hamburg,Germany,skap_talco_2023.jpg,,,,
1157,Talco,concert,,10/06/2023,Stadtpark,Hamburg,Germany,skap_talco_2023.jpg,,,,
1158,Rammstein,festival,Sonisphere 2010,10/07/2010,Getafe Open Air,Getafe,Spain,sonisphere_cartel_2010.jpg,,,https://es.wikipedia.org/wiki/Festival_Sonisphere#Espa%C3%B1a_2,
1159,Sum 41,concert,,27/09/2022,Wizink Center (Palacio de los Deportes),Madrid,Spain,sum41_2023.jpg,,,,
1160,The Prodigy,festival,Tsunami Xixón,03/08/2018,La Laboral,Gijón,Spain,tsunami_cartel_2018.jpg,,,https://www.tsunamixixon.com/ediciones-anteriores/,
1161,Gogol Bordello,festival,Tsunami Xixón,03/08/2018,La Laboral,Gijón,Spain,tsunami_cartel_2018.jpg,,,https://www.tsunamixixon.com/ediciones-anteriores/,
1162,Bad Religion,festival,Tsunami Xixón,04/08/2018,La Laboral,Gijón,Spain,tsunami_cartel_2018.jpg,,,https://www.tsunamixixon.com/ediciones-anteriores/,
1163,The Hives,festival,Tsunami Xixón,03/08/2018,La Laboral,Gijón,Spain,tsunami_cartel_2018.jpg,,,https://www.tsunamixixon.com/ediciones-anteriores/,
1164,Volbeat,concert,Rewind Replay Rebound,09/10/2019,La Riviera,Madrid,Spain,volbeat_2019.jpg,,,,
1165,Zaz,concert,Noches del Botánico,28/07/2023,Real Jardín Botánico Alfonso XIII,Madrid,Spain,zaz_2023.png,,,,
1166,Zoo,concert,IIIII Aniversari,17/10/2019,La Riviera,Madrid,Spain,zoo_2019.jpg,,,,
1167,Zoo,concert,Llepolies,08/05/2021,Teatro EDP Gran Vía,Madrid,Spain,zoo_2021.jpg,,,,
1168,Zoo,concert,,03/12/2022,Wizink Center (Palacio de los Deportes),Madrid,Spain,zoo_2022.png,,,,
1169,Zoo,concert,Noches del Botánico,24/06/2023,Real Jardín Botánico Alfonso XIII,Madrid,Spain,zoo_2023.png,,,,
1170,Zoo,concert,,29/06/2024,La Riviera,Madrid,Spain,zoo_2024.jpg,,,,
1171,Mägo de Oz,festival,Viña Rock 2003,02/05/2003,Auditorio Municipal,Villarrobledo,Spain,vinarock_cartel_2003.jpg,vinarock_2003.jpg,vinarock_pulsera_2003.jpg,,
1172,La Polla,festival,Viña Rock 2003,02/05/2003,Auditorio Municipal,Villarrobledo,Spain,vinarock_cartel_2003.jpg,vinarock_2003.jpg,vinarock_pulsera_2003.jpg,,
1173,Sugarless,festival,Viña Rock 2003,02/05/2003,Auditorio Municipal,Villarrobledo,Spain,vinarock_cartel_2003.jpg,vinarock_2003.jpg,vinarock_pulsera_2003.jpg,,
1174,Delinqüentes,festival,Viña Rock 2003,02/05/2003,Auditorio Municipal,Villarrobledo,Spain,vinarock_cartel_2003.jpg,vinarock_2003.jpg,vinarock_pulsera_2003.jpg,,
1175,Medina Azahara ,festival,Viña Rock 2003,02/05/2003,Auditorio Municipal,Villarrobledo,Spain,vinarock_cartel_2003.jpg,vinarock_2003.jpg,vinarock_pulsera_2003.jpg,,
1176,Porretas,festival,Viña Rock 2003,03/05/2003,Auditorio Municipal,Villarrobledo,Spain,vinarock_cartel_2003.jpg,vinarock_2003.jpg,vinarock_pulsera_2003.jpg,,
1177,Reincidentes,festival,Viña Rock 2003,03/05/2003,Auditorio Municipal,Villarrobledo,Spain,vinarock_cartel_2003.jpg,vinarock_2003.jpg,vinarock_pulsera_2003.jpg,,
1178,Soziedad Alkohólika,festival,Viña Rock 2003,03/05/2003,Auditorio Municipal,Villarrobledo,Spain,vinarock_cartel_2003.jpg,vinarock_2003.jpg,vinarock_pulsera_2003.jpg,,
1179,Hamlet,festival,Viña Rock 2003,03/05/2003,Auditorio Municipal,Villarrobledo,Spain,vinarock_cartel_2003.jpg,vinarock_2003.jpg,vinarock_pulsera_2003.jpg,,
1180,Koma,festival,Viña Rock 2003,03/05/2003,Auditorio Municipal,Villarrobledo,Spain,vinarock_cartel_2003.jpg,vinarock_2003.jpg,vinarock_pulsera_2003.jpg,,
1181,El Último ke Zierre,festival,Viña Rock 2003,03/05/2003,Auditorio Municipal,Villarrobledo,Spain,vinarock_cartel_2003.jpg,vinarock_2003.jpg,vinarock_pulsera_2003.jpg,,
1182,O'Funk'Illo,festival,Viña Rock 2003,03/05/2003,Auditorio Municipal,Villarrobledo,Spain,vinarock_cartel_2003.jpg,vinarock_2003.jpg,vinarock_pulsera_2003.jpg,,
1183,Sober,festival,Viña Rock 2003,03/05/2003,Auditorio Municipal,Villarrobledo,Spain,vinarock_cartel_2003.jpg,vinarock_2003.jpg,vinarock_pulsera_2003.jpg,,
1184,Dover,festival,Viña Rock 2004,30/04/2004,Auditorio Municipal,Villarrobledo,Spain,vinarock_cartel_2004.jpg,vinarock_2004.jpg,vinarock_pulsera_2004.jpg,,
1185,Marea,festival,Viña Rock 2004,01/05/2004,Auditorio Municipal,Villarrobledo,Spain,vinarock_cartel_2004.jpg,vinarock_2004.jpg,vinarock_pulsera_2004.jpg,,
1186,Fito & Fitipaldis,festival,Viña Rock 2004,01/05/2004,Auditorio Municipal,Villarrobledo,Spain,vinarock_cartel_2004.jpg,vinarock_2004.jpg,vinarock_pulsera_2004.jpg,,
1187,Sober,festival,Viña Rock 2004,01/05/2004,Auditorio Municipal,Villarrobledo,Spain,vinarock_cartel_2004.jpg,vinarock_2004.jpg,vinarock_pulsera_2004.jpg,,
1188,Ska-P,festival,Viña Rock 2004,01/05/2004,Auditorio Municipal,Villarrobledo,Spain,vinarock_cartel_2004.jpg,vinarock_2004.jpg,vinarock_pulsera_2004.jpg,,
1189,Pereza,festival,Viña Rock 2004,01/05/2004,Auditorio Municipal,Villarrobledo,Spain,vinarock_cartel_2004.jpg,vinarock_2004.jpg,vinarock_pulsera_2004.jpg,,
1190,Albert Plá,festival,Viña Rock 2004,01/05/2004,Auditorio Municipal,Villarrobledo,Spain,vinarock_cartel_2004.jpg,vinarock_2004.jpg,vinarock_pulsera_2004.jpg,,
1191,Boikot,festival,Viña Rock 2005,29/04/2005,Auditorio Municipal,Villarrobledo,Spain,vinarock_cartel_2005.jpg,vinarock_2005.jpg,,,
1192,Molotov,festival,Viña Rock 2005,29/04/2005,Auditorio Municipal,Villarrobledo,Spain,vinarock_cartel_2005.jpg,vinarock_2005.jpg,,,
1193,Mägo de Oz,festival,Viña Rock 2005,30/04/2005,Auditorio Municipal,Villarrobledo,Spain,vinarock_cartel_2005.jpg,vinarock_2005.jpg,,,
1194,Rosendo,festival,Viña Rock 2005,30/04/2005,Auditorio Municipal,Villarrobledo,Spain,vinarock_cartel_2005.jpg,vinarock_2005.jpg,,,
1195,La Fuga,festival,Viña Rock 2005,30/04/2005,Auditorio Municipal,Villarrobledo,Spain,vinarock_cartel_2005.jpg,vinarock_2005.jpg,,,
1196,Despistaos,festival,Viña Rock 2005,30/04/2005,Auditorio Municipal,Villarrobledo,Spain,vinarock_cartel_2005.jpg,vinarock_2005.jpg,,,
1197,Soziedad Alkohólika,festival,Viña Rock 2005,30/04/2005,Auditorio Municipal,Villarrobledo,Spain,vinarock_cartel_2005.jpg,vinarock_2005.jpg,,,
1198,El Último ke Zierre,festival,Viña Rock 2005,30/04/2005,Auditorio Municipal,Villarrobledo,Spain,vinarock_cartel_2005.jpg,vinarock_2005.jpg,,,
1199,Bunbury,festival,Viña Rock 2005,30/04/2005,Auditorio Municipal,Villarrobledo,Spain,vinarock_cartel_2005.jpg,vinarock_2005.jpg,,,
1200,Warcry,festival,Viña Rock 2005,30/04/2005,Auditorio Municipal,Villarrobledo,Spain,vinarock_cartel_2005.jpg,vinarock_2005.jpg,,,
1201,Su Ta Gar,festival,Viña Rock 2005,30/04/2005,Auditorio Municipal,Villarrobledo,Spain,vinarock_cartel_2005.jpg,vinarock_2005.jpg,,,
1202,Non Servium,festival,Pirata Madrid 2024,05/10/2024,Auditorio Miguel Ríos,Rivas Vaciamadrid,Spain,piratamadrid_cartel_2024.jpeg,,,,
1203,Lendakaris Muertos,festival,Pirata Madrid 2024,05/10/2024,Auditorio Miguel Ríos,Rivas Vaciamadrid,Spain,piratamadrid_cartel_2024.jpeg,,,,